uid,preference
18750,0
18751,1
18752,1
18753,1
18754,1
18755,1
18756,1
18757,1
18758,1
18759,1
18760,1
18761,1
18762,1
18763,0
18764,0
18765,1
18766,0
18767,1
18768,1
18769,0
18770,0
18771,0
18772,0
18773,0
18774,0
18775,0
18776,1
18777,1
18778,0
18779,0
18780,0
18781,1
18782,1
18783,0
18784,1
18785,1
18786,1
18787,1
18788,0
18789,0
18790,0
18791,0
18792,0
18793,0
18794,1
18795,0
18796,1
18797,0
18798,1
18799,1
18800,1
18801,1
18802,0
18803,1
18804,1
18805,0
18806,0
18807,0
18808,1
18809,1
18810,1
18811,0
18812,0
18813,1
18814,0
18815,1
18816,1
18817,0
18818,1
18819,0
18820,0
18821,1
18822,1
18823,0
18824,1
18825,0
18826,1
18827,0
18828,1
18829,0
18830,0
18831,0
18832,1
18833,0
18834,1
18835,0
18836,1
18837,1
18838,1
18839,0
18840,1
18841,0
18842,1
18843,0
18844,1
18845,0
18846,0
18847,1
18848,1
18849,0
18850,1
18851,1
18852,1
18853,0
18854,1
18855,1
18856,0
18857,0
18858,1
18859,0
18860,1
18861,1
18862,0
18863,0
18864,1
18865,1
18866,1
18867,1
18868,1
18869,0
18870,1
18871,0
18872,1
18873,0
18874,0
18875,1
18876,1
18877,1
18878,0
18879,1
18880,0
18881,1
18882,1
18883,1
18884,1
18885,1
18886,1
18887,1
18888,0
18889,0
18890,1
18891,0
18892,1
18893,0
18894,1
18895,1
18896,0
18897,0
18898,0
18899,1
18900,1
18901,1
18902,0
18903,1
18904,1
18905,0
18906,0
18907,1
18908,0
18909,1
18910,1
18911,0
18912,1
18913,1
18914,0
18915,0
18916,1
18917,1
18918,0
18919,0
18920,0
18921,1
18922,1
18923,0
18924,1
18925,0
18926,1
18927,0
18928,1
18929,0
18930,0
18931,0
18932,0
18933,0
18934,0
18935,0
18936,0
18937,0
18938,1
18939,1
18940,1
18941,0
18942,0
18943,0
18944,0
18945,1
18946,0
18947,0
18948,0
18949,1
18950,0
18951,1
18952,0
18953,0
18954,1
18955,1
18956,0
18957,0
18958,1
18959,0
18960,0
18961,0
18962,1
18963,1
18964,0
18965,1
18966,1
18967,0
18968,0
18969,1
18970,0
18971,0
18972,0
18973,0
18974,0
18975,0
18976,0
18977,0
18978,1
18979,0
18980,1
18981,1
18982,0
18983,0
18984,1
18985,1
18986,1
18987,0
18988,0
18989,0
18990,1
18991,0
18992,0
18993,1
18994,1
18995,1
18996,0
18997,0
18998,1
18999,1
19000,0
19001,0
19002,1
19003,0
19004,0
19005,0
19006,1
19007,0
19008,1
19009,0
19010,1
19011,0
19012,1
19013,1
19014,1
19015,1
19016,1
19017,1
19018,0
19019,1
19020,1
19021,0
19022,1
19023,1
19024,1
19025,0
19026,0
19027,0
19028,0
19029,1
19030,0
19031,1
19032,0
19033,1
19034,1
19035,0
19036,0
19037,1
19038,1
19039,0
19040,1
19041,0
19042,0
19043,0
19044,1
19045,1
19046,0
19047,1
19048,0
19049,1
19050,0
19051,0
19052,1
19053,1
19054,0
19055,0
19056,0
19057,0
19058,0
19059,1
19060,0
19061,0
19062,1
19063,0
19064,0
19065,0
19066,1
19067,1
19068,1
19069,1
19070,0
19071,0
19072,1
19073,0
19074,1
19075,1
19076,1
19077,0
19078,1
19079,0
19080,1
19081,0
19082,1
19083,1
19084,0
19085,0
19086,0
19087,0
19088,1
19089,0
19090,0
19091,0
19092,0
19093,1
19094,1
19095,0
19096,0
19097,0
19098,0
19099,1
19100,0
19101,0
19102,1
19103,0
19104,0
19105,0
19106,1
19107,1
19108,0
19109,0
19110,0
19111,1
19112,1
19113,0
19114,0
19115,0
19116,1
19117,1
19118,0
19119,1
19120,0
19121,0
19122,1
19123,0
19124,1
19125,0
19126,0
19127,1
19128,1
19129,1
19130,0
19131,0
19132,1
19133,1
19134,0
19135,0
19136,1
19137,1
19138,1
19139,1
19140,0
19141,0
19142,0
19143,0
19144,1
19145,0
19146,1
19147,0
19148,0
19149,0
19150,1
19151,1
19152,1
19153,0
19154,0
19155,0
19156,1
19157,0
19158,1
19159,1
19160,1
19161,1
19162,0
19163,0
19164,1
19165,0
19166,1
19167,0
19168,0
19169,0
19170,1
19171,1
19172,1
19173,0
19174,1
19175,0
19176,0
19177,1
19178,1
19179,0
19180,1
19181,1
19182,0
19183,0
19184,0
19185,0
19186,1
19187,0
19188,0
19189,0
19190,0
19191,1
19192,0
19193,0
19194,1
19195,1
19196,1
19197,0
19198,1
19199,1
19200,1
19201,0
19202,1
19203,0
19204,0
19205,1
19206,1
19207,1
19208,0
19209,1
19210,1
19211,0
19212,1
19213,1
19214,0
19215,0
19216,0
19217,1
19218,0
19219,1
19220,1
19221,0
19222,1
19223,0
19224,0
19225,1
19226,0
19227,1
19228,0
19229,1
19230,1
19231,1
19232,1
19233,0
19234,1
19235,1
19236,0
19237,0
19238,0
19239,0
19240,1
19241,1
19242,0
19243,0
19244,0
19245,0
19246,1
19247,0
19248,0
19249,0
19250,1
19251,1
19252,1
19253,1
19254,1
19255,1
19256,0
19257,0
19258,1
19259,0
19260,1
19261,1
19262,1
19263,0
19264,0
19265,1
19266,1
19267,1
19268,0
19269,0
19270,0
19271,0
19272,0
19273,0
19274,1
19275,1
19276,0
19277,0
19278,1
19279,0
19280,1
19281,1
19282,1
19283,0
19284,1
19285,1
19286,1
19287,1
19288,0
19289,0
19290,0
19291,1
19292,0
19293,0
19294,0
19295,1
19296,0
19297,1
19298,1
19299,0
19300,1
19301,1
19302,0
19303,1
19304,1
19305,1
19306,1
19307,0
19308,1
19309,1
19310,0
19311,1
19312,1
19313,1
19314,0
19315,1
19316,1
19317,0
19318,1
19319,0
19320,1
19321,0
19322,1
19323,1
19324,0
19325,0
19326,1
19327,1
19328,1
19329,1
19330,1
19331,1
19332,0
19333,0
19334,0
19335,0
19336,1
19337,1
19338,0
19339,1
19340,0
19341,1
19342,0
19343,1
19344,0
19345,0
19346,1
19347,1
19348,0
19349,0
19350,1
19351,1
19352,1
19353,1
19354,1
19355,0
19356,0
19357,0
19358,1
19359,0
19360,0
19361,1
19362,1
19363,0
19364,0
19365,1
19366,1
19367,0
19368,1
19369,1
19370,0
19371,1
19372,0
19373,0
19374,0
19375,1
19376,1
19377,0
19378,0
19379,0
19380,0
19381,1
19382,1
19383,0
19384,1
19385,1
19386,0
19387,0
19388,1
19389,1
19390,0
19391,1
19392,1
19393,0
19394,0
19395,1
19396,1
19397,0
19398,0
19399,0
19400,0
19401,0
19402,0
19403,1
19404,1
19405,0
19406,0
19407,1
19408,1
19409,0
19410,0
19411,0
19412,0
19413,0
19414,1
19415,1
19416,1
19417,1
19418,1
19419,0
19420,0
19421,0
19422,0
19423,0
19424,0
19425,1
19426,1
19427,0
19428,1
19429,1
19430,1
19431,0
19432,0
19433,0
19434,1
19435,0
19436,0
19437,1
19438,0
19439,0
19440,0
19441,0
19442,1
19443,1
19444,0
19445,0
19446,1
19447,0
19448,0
19449,0
19450,1
19451,1
19452,0
19453,0
19454,1
19455,1
19456,1
19457,0
19458,1
19459,0
19460,1
19461,0
19462,1
19463,0
19464,0
19465,1
19466,1
19467,0
19468,0
19469,1
19470,1
19471,1
19472,1
19473,0
19474,0
19475,1
19476,1
19477,0
19478,1
19479,0
19480,0
19481,1
19482,0
19483,1
19484,1
19485,1
19486,0
19487,0
19488,0
19489,1
19490,0
19491,0
19492,1
19493,1
19494,0
19495,1
19496,1
19497,0
19498,1
19499,0
19500,0
19501,1
19502,0
19503,1
19504,1
19505,1
19506,1
19507,0
19508,1
19509,0
19510,0
19511,1
19512,1
19513,0
19514,0
19515,1
19516,1
19517,0
19518,0
19519,0
19520,0
19521,0
19522,1
19523,1
19524,1
19525,0
19526,0
19527,1
19528,1
19529,0
19530,0
19531,1
19532,0
19533,1
19534,1
19535,1
19536,0
19537,0
19538,1
19539,1
19540,1
19541,0
19542,0
19543,1
19544,0
19545,1
19546,0
19547,0
19548,0
19549,1
19550,1
19551,0
19552,0
19553,1
19554,1
19555,1
19556,1
19557,1
19558,1
19559,1
19560,1
19561,0
19562,1
19563,0
19564,1
19565,1
19566,0
19567,0
19568,0
19569,1
19570,0
19571,1
19572,0
19573,1
19574,0
19575,1
19576,0
19577,1
19578,0
19579,1
19580,0
19581,0
19582,0
19583,1
19584,1
19585,1
19586,0
19587,0
19588,0
19589,1
19590,1
19591,0
19592,1
19593,1
19594,1
19595,0
19596,0
19597,0
19598,0
19599,0
19600,0
19601,1
19602,0
19603,1
19604,1
19605,1
19606,1
19607,1
19608,1
19609,1
19610,1
19611,1
19612,0
19613,0
19614,0
19615,1
19616,0
19617,1
19618,0
19619,0
19620,0
19621,1
19622,0
19623,1
19624,1
19625,0
19626,0
19627,1
19628,0
19629,0
19630,0
19631,1
19632,0
19633,1
19634,1
19635,0
19636,0
19637,0
19638,0
19639,1
19640,0
19641,0
19642,1
19643,0
19644,0
19645,1
19646,1
19647,0
19648,0
19649,1
19650,0
19651,0
19652,1
19653,0
19654,1
19655,1
19656,1
19657,1
19658,0
19659,1
19660,1
19661,1
19662,0
19663,0
19664,0
19665,1
19666,1
19667,0
19668,1
19669,1
19670,1
19671,1
19672,0
19673,1
19674,0
19675,1
19676,1
19677,0
19678,0
19679,0
19680,1
19681,0
19682,1
19683,0
19684,1
19685,0
19686,0
19687,1
19688,1
19689,0
19690,1
19691,1
19692,1
19693,0
19694,0
19695,1
19696,0
19697,1
19698,1
19699,0
19700,0
19701,1
19702,1
19703,0
19704,0
19705,1
19706,0
19707,1
19708,1
19709,0
19710,0
19711,0
19712,1
19713,1
19714,0
19715,0
19716,0
19717,1
19718,1
19719,0
19720,1
19721,1
19722,1
19723,0
19724,1
19725,1
19726,0
19727,0
19728,1
19729,0
19730,1
19731,1
19732,0
19733,1
19734,0
19735,0
19736,1
19737,0
19738,0
19739,0
19740,1
19741,1
19742,0
19743,0
19744,1
19745,0
19746,1
19747,0
19748,1
19749,1
19750,1
19751,0
19752,1
19753,0
19754,1
19755,0
19756,0
19757,1
19758,1
19759,0
19760,0
19761,1
19762,0
19763,1
19764,0
19765,1
19766,1
19767,1
19768,1
19769,0
19770,0
19771,1
19772,0
19773,0
19774,0
19775,1
19776,0
19777,1
19778,1
19779,1
19780,0
19781,1
19782,0
19783,0
19784,1
19785,1
19786,1
19787,1
19788,0
19789,0
19790,1
19791,0
19792,0
19793,0
19794,1
19795,0
19796,0
19797,1
19798,0
19799,0
19800,0
19801,0
19802,0
19803,1
19804,0
19805,1
19806,1
19807,1
19808,1
19809,0
19810,1
19811,0
19812,0
19813,1
19814,0
19815,0
19816,0
19817,1
19818,0
19819,0
19820,1
19821,0
19822,1
19823,0
19824,1
19825,1
19826,0
19827,0
19828,1
19829,0
19830,0
19831,1
19832,1
19833,1
19834,1
19835,1
19836,1
19837,0
19838,1
19839,0
19840,0
19841,0
19842,0
19843,0
19844,0
19845,1
19846,0
19847,1
19848,1
19849,1
19850,1
19851,0
19852,1
19853,1
19854,0
19855,0
19856,1
19857,1
19858,0
19859,1
19860,1
19861,1
19862,1
19863,1
19864,0
19865,0
19866,0
19867,0
19868,1
19869,1
19870,1
19871,1
19872,1
19873,0
19874,0
19875,0
19876,1
19877,0
19878,0
19879,1
19880,0
19881,0
19882,0
19883,1
19884,1
19885,0
19886,0
19887,1
19888,0
19889,0
19890,0
19891,0
19892,0
19893,0
19894,0
19895,1
19896,1
19897,1
19898,1
19899,1
19900,0
19901,1
19902,1
19903,1
19904,1
19905,1
19906,0
19907,1
19908,1
19909,1
19910,0
19911,0
19912,1
19913,0
19914,0
19915,1
19916,0
19917,1
19918,1
19919,1
19920,1
19921,1
19922,0
19923,1
19924,1
19925,0
19926,0
19927,1
19928,1
19929,1
19930,1
19931,0
19932,1
19933,0
19934,1
19935,0
19936,1
19937,0
19938,0
19939,1
19940,1
19941,1
19942,1
19943,1
19944,0
19945,0
19946,0
19947,1
19948,1
19949,1
19950,1
19951,0
19952,1
19953,1
19954,0
19955,1
19956,0
19957,1
19958,1
19959,1
19960,1
19961,1
19962,1
19963,0
19964,0
19965,0
19966,1
19967,1
19968,0
19969,1
19970,1
19971,1
19972,1
19973,0
19974,1
19975,1
19976,1
19977,1
19978,0
19979,0
19980,1
19981,1
19982,1
19983,1
19984,0
19985,0
19986,0
19987,0
19988,1
19989,0
19990,1
19991,1
19992,1
19993,0
19994,1
19995,0
19996,1
19997,1
19998,1
19999,0
20000,0
20001,0
20002,1
20003,1
20004,1
20005,1
20006,0
20007,1
20008,0
20009,1
20010,0
20011,0
20012,1
20013,0
20014,0
20015,0
20016,0
20017,1
20018,0
20019,1
20020,1
20021,1
20022,1
20023,1
20024,0
20025,0
20026,1
20027,1
20028,0
20029,0
20030,1
20031,0
20032,0
20033,1
20034,1
20035,0
20036,0
20037,0
20038,0
20039,1
20040,0
20041,1
20042,1
20043,0
20044,1
20045,0
20046,0
20047,0
20048,1
20049,0
20050,0
20051,0
20052,1
20053,1
20054,1
20055,1
20056,1
20057,1
20058,0
20059,1
20060,0
20061,0
20062,1
20063,0
20064,0
20065,1
20066,1
20067,0
20068,0
20069,1
20070,1
20071,0
20072,0
20073,1
20074,0
20075,1
20076,1
20077,1
20078,1
20079,1
20080,0
20081,0
20082,0
20083,0
20084,1
20085,0
20086,0
20087,1
20088,0
20089,0
20090,1
20091,1
20092,1
20093,0
20094,0
20095,0
20096,1
20097,1
20098,0
20099,1
20100,0
20101,1
20102,0
20103,1
20104,0
20105,1
20106,0
20107,1
20108,0
20109,0
20110,0
20111,1
20112,0
20113,0
20114,0
20115,0
20116,0
20117,0
20118,0
20119,0
20120,0
20121,0
20122,0
20123,1
20124,0
20125,0
20126,1
20127,1
20128,1
20129,0
20130,1
20131,1
20132,1
20133,0
20134,1
20135,1
20136,0
20137,1
20138,0
20139,0
20140,0
20141,1
20142,1
20143,0
20144,0
20145,0
20146,0
20147,1
20148,0
20149,0
20150,0
20151,1
20152,0
20153,1
20154,0
20155,0
20156,0
20157,1
20158,1
20159,0
20160,0
20161,0
20162,1
20163,1
20164,0
20165,0
20166,1
20167,0
20168,0
20169,1
20170,1
20171,1
20172,0
20173,1
20174,0
20175,0
20176,0
20177,1
20178,1
20179,1
20180,1
20181,1
20182,1
20183,1
20184,0
20185,0
20186,0
20187,0
20188,1
20189,0
20190,0
20191,1
20192,1
20193,1
20194,0
20195,0
20196,0
20197,1
20198,1
20199,0
20200,0
20201,0
20202,1
20203,1
20204,1
20205,1
20206,1
20207,1
20208,0
20209,1
20210,0
20211,0
20212,0
20213,0
20214,1
20215,0
20216,0
20217,1
20218,0
20219,1
20220,1
20221,0
20222,1
20223,0
20224,0
20225,0
20226,1
20227,0
20228,0
20229,1
20230,0
20231,0
20232,0
20233,1
20234,0
20235,1
20236,0
20237,1
20238,1
20239,1
20240,0
20241,1
20242,0
20243,0
20244,1
20245,1
20246,0
20247,1
20248,0
20249,1
20250,0
20251,0
20252,0
20253,0
20254,0
20255,1
20256,1
20257,1
20258,1
20259,0
20260,1
20261,1
20262,1
20263,0
20264,1
20265,0
20266,1
20267,1
20268,0
20269,1
20270,0
20271,1
20272,0
20273,0
20274,1
20275,1
20276,0
20277,1
20278,1
20279,0
20280,1
20281,0
20282,1
20283,1
20284,0
20285,1
20286,1
20287,0
20288,0
20289,0
20290,1
20291,0
20292,1
20293,0
20294,1
20295,0
20296,0
20297,0
20298,1
20299,0
20300,1
20301,0
20302,1
20303,1
20304,1
20305,0
20306,0
20307,0
20308,0
20309,1
20310,0
20311,1
20312,0
20313,0
20314,0
20315,0
20316,1
20317,0
20318,1
20319,1
20320,1
20321,0
20322,1
20323,0
20324,1
20325,1
20326,0
20327,1
20328,1
20329,0
20330,0
20331,1
20332,1
20333,0
20334,0
20335,1
20336,0
20337,0
20338,0
20339,1
20340,1
20341,0
20342,1
20343,1
20344,1
20345,0
20346,1
20347,0
20348,1
20349,0
20350,1
20351,1
20352,0
20353,1
20354,1
20355,1
20356,1
20357,1
20358,0
20359,0
20360,0
20361,0
20362,1
20363,0
20364,0
20365,0
20366,1
20367,1
20368,0
20369,0
20370,0
20371,0
20372,1
20373,1
20374,1
20375,0
20376,0
20377,1
20378,0
20379,1
20380,0
20381,0
20382,0
20383,0
20384,1
20385,0
20386,1
20387,1
20388,1
20389,0
20390,0
20391,1
20392,1
20393,1
20394,0
20395,0
20396,0
20397,0
20398,0
20399,0
20400,0
20401,0
20402,1
20403,0
20404,1
20405,1
20406,0
20407,1
20408,0
20409,1
20410,0
20411,0
20412,1
20413,0
20414,1
20415,1
20416,1
20417,0
20418,1
20419,1
20420,0
20421,1
20422,0
20423,1
20424,0
20425,0
20426,0
20427,0
20428,1
20429,0
20430,1
20431,0
20432,1
20433,0
20434,0
20435,1
20436,1
20437,0
20438,1
20439,0
20440,0
20441,0
20442,0
20443,1
20444,0
20445,1
20446,0
20447,1
20448,1
20449,1
20450,0
20451,0
20452,0
20453,1
20454,0
20455,1
20456,0
20457,0
20458,0
20459,0
20460,0
20461,0
20462,1
20463,0
20464,0
20465,0
20466,1
20467,1
20468,0
20469,0
20470,0
20471,1
20472,0
20473,1
20474,0
20475,0
20476,1
20477,0
20478,1
20479,1
20480,0
20481,1
20482,1
20483,1
20484,0
20485,0
20486,0
20487,0
20488,1
20489,1
20490,0
20491,0
20492,0
20493,1
20494,1
20495,0
20496,1
20497,0
20498,0
20499,0
20500,1
20501,1
20502,1
20503,0
20504,0
20505,0
20506,0
20507,1
20508,1
20509,1
20510,1
20511,0
20512,0
20513,1
20514,1
20515,0
20516,1
20517,0
20518,1
20519,1
20520,0
20521,1
20522,0
20523,1
20524,1
20525,0
20526,0
20527,1
20528,1
20529,0
20530,0
20531,1
20532,0
20533,0
20534,1
20535,1
20536,1
20537,0
20538,0
20539,1
20540,0
20541,1
20542,1
20543,0
20544,1
20545,1
20546,1
20547,0
20548,1
20549,0
20550,0
20551,1
20552,0
20553,0
20554,1
20555,0
20556,1
20557,1
20558,0
20559,1
20560,0
20561,1
20562,1
20563,1
20564,1
20565,0
20566,1
20567,1
20568,1
20569,0
20570,0
20571,0
20572,0
20573,0
20574,0
20575,1
20576,1
20577,1
20578,0
20579,0
20580,0
20581,1
20582,0
20583,1
20584,0
20585,1
20586,0
20587,1
20588,1
20589,0
20590,0
20591,0
20592,1
20593,0
20594,0
20595,1
20596,0
20597,0
20598,1
20599,1
20600,0
20601,1
20602,0
20603,1
20604,1
20605,1
20606,0
20607,1
20608,1
20609,1
20610,0
20611,0
20612,0
20613,0
20614,1
20615,0
20616,0
20617,1
20618,0
20619,1
20620,0
20621,0
20622,1
20623,0
20624,0
20625,1
20626,1
20627,1
20628,0
20629,0
20630,0
20631,1
20632,1
20633,0
20634,0
20635,0
20636,0
20637,1
20638,0
20639,0
20640,1
20641,0
20642,0
20643,1
20644,0
20645,0
20646,1
20647,0
20648,1
20649,0
20650,1
20651,0
20652,0
20653,1
20654,1
20655,1
20656,0
20657,0
20658,1
20659,1
20660,1
20661,1
20662,1
20663,0
20664,1
20665,0
20666,0
20667,0
20668,1
20669,0
20670,1
20671,0
20672,1
20673,0
20674,1
20675,0
20676,1
20677,1
20678,0
20679,1
20680,1
20681,0
20682,0
20683,0
20684,0
20685,0
20686,1
20687,0
20688,1
20689,1
20690,0
20691,1
20692,0
20693,1
20694,0
20695,1
20696,1
20697,1
20698,1
20699,1
20700,1
20701,1
20702,1
20703,1
20704,0
20705,1
20706,0
20707,0
20708,1
20709,1
20710,0
20711,1
20712,1
20713,1
20714,1
20715,1
20716,1
20717,0
20718,1
20719,1
20720,0
20721,1
20722,1
20723,1
20724,0
20725,1
20726,1
20727,0
20728,1
20729,0
20730,0
20731,0
20732,0
20733,0
20734,1
20735,0
20736,0
20737,0
20738,0
20739,1
20740,0
20741,0
20742,1
20743,0
20744,0
20745,1
20746,0
20747,1
20748,1
20749,1
20750,0
20751,1
20752,1
20753,0
20754,0
20755,0
20756,0
20757,0
20758,0
20759,0
20760,0
20761,0
20762,1
20763,0
20764,1
20765,0
20766,1
20767,1
20768,0
20769,1
20770,1
20771,0
20772,0
20773,0
20774,0
20775,0
20776,1
20777,0
20778,0
20779,0
20780,1
20781,0
20782,1
20783,1
20784,0
20785,1
20786,0
20787,1
20788,1
20789,1
20790,0
20791,0
20792,1
20793,1
20794,1
20795,0
20796,0
20797,0
20798,0
20799,0
20800,0
20801,1
20802,1
20803,0
20804,0
20805,1
20806,1
20807,1
20808,1
20809,0
20810,1
20811,1
20812,0
20813,1
20814,1
20815,1
20816,0
20817,0
20818,1
20819,1
20820,1
20821,0
20822,1
20823,1
20824,1
20825,0
20826,1
20827,1
20828,0
20829,1
20830,0
20831,0
20832,0
20833,1
20834,0
20835,0
20836,1
20837,1
20838,1
20839,1
20840,0
20841,0
20842,1
20843,0
20844,1
20845,0
20846,1
20847,1
20848,0
20849,0
20850,1
20851,0
20852,0
20853,0
20854,0
20855,1
20856,1
20857,0
20858,1
20859,0
20860,0
20861,1
20862,1
20863,1
20864,0
20865,0
20866,0
20867,0
20868,1
20869,0
20870,1
20871,0
20872,0
20873,0
20874,0
20875,1
20876,0
20877,0
20878,1
20879,1
20880,0
20881,0
20882,0
20883,1
20884,0
20885,0
20886,0
20887,1
20888,0
20889,1
20890,1
20891,0
20892,0
20893,1
20894,0
20895,0
20896,0
20897,1
20898,1
20899,0
20900,0
20901,0
20902,1
20903,1
20904,0
20905,1
20906,1
20907,0
20908,1
20909,0
20910,1
20911,1
20912,0
20913,0
20914,0
20915,1
20916,0
20917,1
20918,1
20919,1
20920,0
20921,1
20922,0
20923,0
20924,0
20925,1
20926,1
20927,0
20928,0
20929,0
20930,0
20931,1
20932,0
20933,0
20934,0
20935,0
20936,0
20937,1
20938,0
20939,1
20940,1
20941,1
20942,0
20943,1
20944,1
20945,0
20946,1
20947,0
20948,0
20949,1
20950,0
20951,1
20952,1
20953,1
20954,0
20955,1
20956,0
20957,1
20958,0
20959,0
20960,0
20961,1
20962,1
20963,1
20964,0
20965,1
20966,1
20967,0
20968,1
20969,0
20970,0
20971,0
20972,1
20973,0
20974,1
20975,0
20976,1
20977,0
20978,1
20979,0
20980,1
20981,0
20982,0
20983,0
20984,1
20985,1
20986,0
20987,0
20988,1
20989,0
20990,0
20991,0
20992,1
20993,1
20994,0
20995,0
20996,0
20997,1
20998,1
20999,1
21000,1
21001,1
21002,1
21003,0
21004,0
21005,0
21006,0
21007,0
21008,1
21009,1
21010,0
21011,0
21012,0
21013,1
21014,1
21015,0
21016,0
21017,0
21018,0
21019,1
21020,0
21021,1
21022,0
21023,0
21024,0
21025,1
21026,0
21027,1
21028,1
21029,1
21030,0
21031,1
21032,1
21033,0
21034,1
21035,0
21036,0
21037,1
21038,0
21039,1
21040,0
21041,1
21042,1
21043,0
21044,1
21045,1
21046,0
21047,1
21048,1
21049,0
21050,1
21051,1
21052,1
21053,0
21054,0
21055,0
21056,1
21057,1
21058,1
21059,1
21060,0
21061,0
21062,0
21063,0
21064,0
21065,0
21066,1
21067,0
21068,1
21069,1
21070,1
21071,1
21072,1
21073,1
21074,0
21075,1
21076,1
21077,1
21078,1
21079,1
21080,0
21081,0
21082,1
21083,0
21084,1
21085,1
21086,0
21087,1
21088,1
21089,0
21090,0
21091,1
21092,0
21093,0
21094,1
21095,0
21096,1
21097,0
21098,0
21099,0
21100,0
21101,0
21102,0
21103,1
21104,0
21105,1
21106,0
21107,0
21108,1
21109,1
21110,1
21111,1
21112,0
21113,1
21114,0
21115,1
21116,0
21117,0
21118,0
21119,1
21120,1
21121,0
21122,0
21123,1
21124,1
21125,1
21126,0
21127,1
21128,0
21129,0
21130,0
21131,1
21132,1
21133,1
21134,0
21135,0
21136,1
21137,1
21138,1
21139,1
21140,1
21141,1
21142,0
21143,1
21144,1
21145,1
21146,1
21147,0
21148,1
21149,1
21150,1
21151,1
21152,0
21153,1
21154,0
21155,0
21156,0
21157,1
21158,0
21159,1
21160,0
21161,1
21162,0
21163,0
21164,1
21165,0
21166,1
21167,1
21168,1
21169,0
21170,0
21171,0
21172,1
21173,1
21174,0
21175,1
21176,1
21177,1
21178,1
21179,1
21180,0
21181,0
21182,0
21183,1
21184,1
21185,1
21186,0
21187,0
21188,1
21189,0
21190,0
21191,0
21192,0
21193,0
21194,1
21195,0
21196,0
21197,1
21198,1
21199,1
21200,0
21201,1
21202,1
21203,0
21204,0
21205,1
21206,1
21207,1
21208,0
21209,1
21210,1
21211,1
21212,1
21213,0
21214,1
21215,0
21216,0
21217,1
21218,1
21219,0
21220,1
21221,1
21222,1
21223,1
21224,0
21225,0
21226,1
21227,1
21228,1
21229,0
21230,0
21231,1
21232,1
21233,1
21234,0
21235,0
21236,0
21237,1
21238,0
21239,1
21240,0
21241,0
21242,1
21243,0
21244,0
21245,1
21246,1
21247,0
21248,1
21249,1
21250,1
21251,0
21252,0
21253,1
21254,0
21255,1
21256,1
21257,0
21258,0
21259,1
21260,1
21261,0
21262,1
21263,0
21264,0
21265,0
21266,1
21267,0
21268,0
21269,0
21270,0
21271,1
21272,0
21273,1
21274,0
21275,0
21276,0
21277,0
21278,1
21279,1
21280,0
21281,0
21282,1
21283,1
21284,0
21285,0
21286,0
21287,1
21288,1
21289,0
21290,0
21291,0
21292,0
21293,1
21294,0
21295,0
21296,0
21297,0
21298,0
21299,0
21300,1
21301,0
21302,1
21303,1
21304,0
21305,1
21306,1
21307,1
21308,1
21309,1
21310,0
21311,0
21312,0
21313,0
21314,0
21315,1
21316,0
21317,0
21318,0
21319,0
21320,1
21321,1
21322,0
21323,1
21324,1
21325,1
21326,0
21327,0
21328,1
21329,0
21330,1
21331,1
21332,1
21333,0
21334,0
21335,0
21336,1
21337,0
21338,1
21339,0
21340,1
21341,0
21342,0
21343,1
21344,0
21345,1
21346,1
21347,1
21348,0
21349,1
21350,1
21351,1
21352,1
21353,1
21354,1
21355,0
21356,1
21357,0
21358,1
21359,0
21360,0
21361,0
21362,1
21363,0
21364,0
21365,1
21366,0
21367,1
21368,0
21369,0
21370,0
21371,1
21372,0
21373,1
21374,0
21375,0
21376,1
21377,1
21378,0
21379,0
21380,1
21381,0
21382,1
21383,1
21384,0
21385,1
21386,1
21387,1
21388,1
21389,0
21390,1
21391,0
21392,1
21393,1
21394,0
21395,0
21396,0
21397,1
21398,0
21399,0
21400,0
21401,1
21402,0
21403,0
21404,0
21405,0
21406,1
21407,0
21408,1
21409,0
21410,1
21411,1
21412,1
21413,0
21414,0
21415,1
21416,1
21417,0
21418,0
21419,1
21420,1
21421,0
21422,1
21423,1
21424,0
21425,1
21426,1
21427,1
21428,1
21429,1
21430,1
21431,0
21432,1
21433,0
21434,0
21435,1
21436,0
21437,0
21438,0
21439,0
21440,0
21441,1
21442,1
21443,1
21444,1
21445,1
21446,1
21447,1
21448,1
21449,0
21450,1
21451,0
21452,0
21453,0
21454,0
21455,1
21456,0
21457,1
21458,1
21459,0
21460,0
21461,0
21462,1
21463,0
21464,1
21465,0
21466,1
21467,1
21468,0
21469,0
21470,1
21471,1
21472,0
21473,0
21474,0
21475,0
21476,0
21477,0
21478,1
21479,1
21480,1
21481,0
21482,1
21483,0
21484,1
21485,0
21486,1
21487,1
21488,0
21489,1
21490,1
21491,1
21492,1
21493,1
21494,0
21495,1
21496,0
21497,1
21498,1
21499,1
21500,0
21501,1
21502,0
21503,1
21504,1
21505,0
21506,0
21507,0
21508,0
21509,0
21510,1
21511,1
21512,1
21513,0
21514,0
21515,0
21516,1
21517,0
21518,0
21519,0
21520,1
21521,1
21522,0
21523,0
21524,1
21525,1
21526,0
21527,0
21528,0
21529,0
21530,1
21531,1
21532,1
21533,0
21534,1
21535,0
21536,0
21537,0
21538,0
21539,1
21540,0
21541,1
21542,1
21543,1
21544,0
21545,0
21546,0
21547,0
21548,0
21549,0
21550,1
21551,1
21552,0
21553,0
21554,0
21555,0
21556,0
21557,1
21558,1
21559,0
21560,1
21561,0
21562,0
21563,1
21564,1
21565,1
21566,1
21567,0
21568,0
21569,0
21570,0
21571,0
21572,1
21573,1
21574,0
21575,1
21576,0
21577,0
21578,1
21579,0
21580,0
21581,0
21582,0
21583,0
21584,1
21585,0
21586,1
21587,1
21588,0
21589,0
21590,1
21591,0
21592,0
21593,1
21594,0
21595,1
21596,0
21597,1
21598,0
21599,1
21600,1
21601,1
21602,1
21603,1
21604,0
21605,0
21606,0
21607,1
21608,0
21609,1
21610,0
21611,0
21612,1
21613,1
21614,0
21615,1
21616,1
21617,1
21618,1
21619,0
21620,0
21621,1
21622,1
21623,0
21624,1
21625,0
21626,1
21627,1
21628,0
21629,0
21630,1
21631,1
21632,0
21633,0
21634,0
21635,1
21636,0
21637,0
21638,1
21639,0
21640,1
21641,0
21642,0
21643,1
21644,0
21645,0
21646,1
21647,0
21648,0
21649,1
21650,0
21651,0
21652,1
21653,1
21654,0
21655,0
21656,0
21657,0
21658,0
21659,1
21660,0
21661,0
21662,1
21663,0
21664,1
21665,0
21666,0
21667,0
21668,0
21669,1
21670,0
21671,0
21672,1
21673,0
21674,0
21675,1
21676,1
21677,0
21678,1
21679,1
21680,0
21681,0
21682,1
21683,1
21684,0
21685,1
21686,1
21687,1
21688,0
21689,0
21690,1
21691,0
21692,0
21693,1
21694,0
21695,1
21696,0
21697,1
21698,0
21699,1
21700,0
21701,1
21702,0
21703,0
21704,0
21705,1
21706,0
21707,1
21708,0
21709,1
21710,1
21711,1
21712,1
21713,0
21714,1
21715,1
21716,0
21717,1
21718,0
21719,0
21720,0
21721,1
21722,0
21723,1
21724,1
21725,0
21726,1
21727,1
21728,1
21729,1
21730,1
21731,0
21732,1
21733,1
21734,1
21735,0
21736,1
21737,1
21738,0
21739,0
21740,0
21741,0
21742,0
21743,0
21744,1
21745,1
21746,1
21747,1
21748,1
21749,0
21750,0
21751,1
21752,0
21753,0
21754,0
21755,0
21756,0
21757,0
21758,0
21759,1
21760,1
21761,0
21762,1
21763,1
21764,1
21765,1
21766,0
21767,0
21768,1
21769,0
21770,1
21771,0
21772,0
21773,1
21774,0
21775,1
21776,1
21777,0
21778,1
21779,0
21780,0
21781,0
21782,0
21783,1
21784,0
21785,0
21786,1
21787,0
21788,0
21789,0
21790,0
21791,0
21792,1
21793,1
21794,0
21795,0
21796,1
21797,1
21798,0
21799,1
21800,1
21801,1
21802,1
21803,0
21804,1
21805,1
21806,1
21807,0
21808,0
21809,0
21810,1
21811,0
21812,1
21813,1
21814,0
21815,1
21816,1
21817,1
21818,0
21819,1
21820,1
21821,0
21822,0
21823,0
21824,0
21825,0
21826,1
21827,1
21828,1
21829,0
21830,1
21831,0
21832,0
21833,0
21834,1
21835,1
21836,1
21837,0
21838,0
21839,1
21840,0
21841,0
21842,0
21843,0
21844,1
21845,0
21846,1
21847,0
21848,0
21849,0
21850,1
21851,0
21852,0
21853,0
21854,1
21855,1
21856,1
21857,0
21858,1
21859,1
21860,0
21861,0
21862,1
21863,1
21864,0
21865,0
21866,1
21867,0
21868,0
21869,1
21870,1
21871,0
21872,0
21873,0
21874,0
21875,1
21876,0
21877,0
21878,1
21879,1
21880,1
21881,0
21882,0
21883,0
21884,1
21885,0
21886,1
21887,0
21888,0
21889,1
21890,1
21891,0
21892,1
21893,0
21894,1
21895,0
21896,0
21897,0
21898,1
21899,0
21900,1
21901,1
21902,1
21903,0
21904,0
21905,0
21906,0
21907,0
21908,1
21909,1
21910,0
21911,1
21912,1
21913,0
21914,1
21915,0
21916,0
21917,0
21918,0
21919,0
21920,0
21921,1
21922,1
21923,1
21924,1
21925,0
21926,1
21927,0
21928,0
21929,1
21930,1
21931,1
21932,0
21933,1
21934,1
21935,1
21936,0
21937,0
21938,0
21939,1
21940,1
21941,0
21942,0
21943,1
21944,1
21945,1
21946,1
21947,1
21948,1
21949,0
21950,0
21951,0
21952,1
21953,1
21954,1
21955,0
21956,1
21957,1
21958,1
21959,0
21960,0
21961,1
21962,1
21963,0
21964,1
21965,1
21966,1
21967,1
21968,1
21969,1
21970,0
21971,1
21972,1
21973,1
21974,1
21975,1
21976,0
21977,1
21978,0
21979,1
21980,1
21981,0
21982,1
21983,0
21984,0
21985,1
21986,0
21987,1
21988,0
21989,0
21990,0
21991,0
21992,0
21993,0
21994,1
21995,1
21996,1
21997,0
21998,1
21999,1
22000,0
22001,0
22002,0
22003,0
22004,0
22005,0
22006,1
22007,0
22008,0
22009,0
22010,1
22011,0
22012,0
22013,1
22014,1
22015,1
22016,1
22017,0
22018,1
22019,1
22020,0
22021,0
22022,1
22023,1
22024,0
22025,1
22026,1
22027,1
22028,1
22029,0
22030,0
22031,0
22032,0
22033,1
22034,1
22035,1
22036,0
22037,1
22038,0
22039,0
22040,0
22041,1
22042,0
22043,0
22044,0
22045,0
22046,0
22047,1
22048,0
22049,1
22050,1
22051,0
22052,0
22053,0
22054,1
22055,1
22056,0
22057,0
22058,1
22059,0
22060,0
22061,0
22062,0
22063,0
22064,1
22065,0
22066,0
22067,1
22068,0
22069,0
22070,0
22071,0
22072,0
22073,1
22074,0
22075,1
22076,1
22077,1
22078,1
22079,1
22080,1
22081,0
22082,1
22083,0
22084,0
22085,0
22086,1
22087,0
22088,0
22089,0
22090,0
22091,1
22092,1
22093,0
22094,1
22095,1
22096,0
22097,1
22098,1
22099,1
22100,1
22101,0
22102,1
22103,1
22104,0
22105,1
22106,0
22107,1
22108,0
22109,0
22110,1
22111,0
22112,0
22113,0
22114,0
22115,0
22116,1
22117,1
22118,1
22119,1
22120,0
22121,0
22122,0
22123,0
22124,1
22125,0
22126,0
22127,0
22128,0
22129,0
22130,0
22131,1
22132,1
22133,0
22134,1
22135,0
22136,1
22137,0
22138,0
22139,1
22140,0
22141,0
22142,1
22143,0
22144,0
22145,1
22146,0
22147,0
22148,1
22149,0
22150,1
22151,1
22152,0
22153,0
22154,1
22155,1
22156,1
22157,1
22158,0
22159,1
22160,0
22161,1
22162,1
22163,1
22164,1
22165,0
22166,1
22167,1
22168,1
22169,0
22170,0
22171,0
22172,0
22173,1
22174,1
22175,0
22176,0
22177,0
22178,1
22179,0
22180,1
22181,0
22182,0
22183,0
22184,0
22185,0
22186,1
22187,0
22188,0
22189,0
22190,1
22191,1
22192,1
22193,0
22194,1
22195,0
22196,1
22197,0
22198,1
22199,0
22200,0
22201,1
22202,0
22203,0
22204,0
22205,1
22206,0
22207,0
22208,1
22209,0
22210,1
22211,0
22212,1
22213,0
22214,0
22215,1
22216,0
22217,1
22218,0
22219,0
22220,1
22221,0
22222,0
22223,1
22224,0
22225,1
22226,1
22227,1
22228,0
22229,1
22230,0
22231,0
22232,0
22233,1
22234,0
22235,1
22236,1
22237,0
22238,1
22239,1
22240,1
22241,0
22242,1
22243,0
22244,1
22245,0
22246,1
22247,1
22248,1
22249,0
22250,1
22251,1
22252,1
22253,0
22254,0
22255,1
22256,1
22257,0
22258,1
22259,1
22260,1
22261,1
22262,0
22263,0
22264,1
22265,1
22266,0
22267,1
22268,0
22269,1
22270,0
22271,0
22272,0
22273,0
22274,0
22275,1
22276,1
22277,1
22278,0
22279,0
22280,0
22281,1
22282,1
22283,1
22284,1
22285,1
22286,0
22287,1
22288,1
22289,0
22290,1
22291,1
22292,0
22293,1
22294,1
22295,1
22296,1
22297,0
22298,1
22299,0
22300,1
22301,0
22302,0
22303,0
22304,0
22305,1
22306,1
22307,0
22308,1
22309,0
22310,0
22311,1
22312,0
22313,1
22314,1
22315,0
22316,1
22317,1
22318,0
22319,0
22320,1
22321,1
22322,1
22323,1
22324,0
22325,1
22326,0
22327,1
22328,0
22329,1
22330,0
22331,0
22332,1
22333,1
22334,1
22335,1
22336,0
22337,1
22338,1
22339,0
22340,1
22341,0
22342,1
22343,1
22344,0
22345,0
22346,1
22347,1
22348,0
22349,0
22350,1
22351,0
22352,1
22353,0
22354,0
22355,0
22356,1
22357,0
22358,0
22359,0
22360,1
22361,0
22362,0
22363,0
22364,1
22365,0
22366,0
22367,0
22368,0
22369,1
22370,0
22371,1
22372,0
22373,0
22374,0
22375,0
22376,0
22377,1
22378,1
22379,0
22380,0
22381,1
22382,1
22383,1
22384,1
22385,1
22386,1
22387,1
22388,1
22389,1
22390,1
22391,1
22392,0
22393,0
22394,0
22395,1
22396,0
22397,0
22398,1
22399,1
22400,1
22401,0
22402,1
22403,0
22404,0
22405,1
22406,1
22407,0
22408,1
22409,1
22410,0
22411,1
22412,0
22413,0
22414,1
22415,0
22416,0
22417,1
22418,0
22419,1
22420,1
22421,0
22422,1
22423,0
22424,1
22425,1
22426,0
22427,1
22428,1
22429,1
22430,0
22431,1
22432,1
22433,0
22434,0
22435,0
22436,1
22437,0
22438,0
22439,1
22440,1
22441,1
22442,1
22443,0
22444,0
22445,1
22446,0
22447,1
22448,1
22449,0
22450,0
22451,1
22452,1
22453,0
22454,0
22455,0
22456,0
22457,1
22458,1
22459,1
22460,0
22461,1
22462,0
22463,1
22464,1
22465,1
22466,1
22467,0
22468,1
22469,0
22470,0
22471,1
22472,1
22473,1
22474,1
22475,1
22476,0
22477,0
22478,0
22479,1
22480,0
22481,1
22482,1
22483,1
22484,0
22485,0
22486,0
22487,0
22488,0
22489,1
22490,0
22491,1
22492,1
22493,0
22494,1
22495,1
22496,0
22497,0
22498,1
22499,0
22500,0
22501,0
22502,1
22503,1
22504,1
22505,0
22506,1
22507,1
22508,0
22509,0
22510,1
22511,0
22512,0
22513,0
22514,0
22515,1
22516,0
22517,0
22518,1
22519,0
22520,1
22521,1
22522,1
22523,0
22524,1
22525,1
22526,0
22527,0
22528,1
22529,1
22530,0
22531,1
22532,1
22533,0
22534,0
22535,1
22536,1
22537,1
22538,0
22539,0
22540,1
22541,1
22542,1
22543,1
22544,0
22545,1
22546,0
22547,0
22548,0
22549,1
22550,0
22551,1
22552,0
22553,0
22554,1
22555,0
22556,0
22557,0
22558,1
22559,1
22560,0
22561,1
22562,1
22563,1
22564,0
22565,1
22566,0
22567,0
22568,1
22569,0
22570,1
22571,0
22572,1
22573,1
22574,0
22575,0
22576,0
22577,0
22578,0
22579,0
22580,1
22581,0
22582,0
22583,1
22584,1
22585,0
22586,1
22587,1
22588,1
22589,0
22590,1
22591,0
22592,0
22593,1
22594,1
22595,0
22596,1
22597,0
22598,0
22599,1
22600,0
22601,0
22602,0
22603,0
22604,1
22605,1
22606,0
22607,1
22608,0
22609,1
22610,1
22611,0
22612,0
22613,0
22614,0
22615,1
22616,1
22617,0
22618,1
22619,0
22620,1
22621,1
22622,0
22623,1
22624,1
22625,1
22626,1
22627,0
22628,1
22629,0
22630,0
22631,0
22632,0
22633,0
22634,0
22635,0
22636,0
22637,0
22638,0
22639,1
22640,0
22641,1
22642,0
22643,1
22644,0
22645,0
22646,1
22647,0
22648,0
22649,0
22650,1
22651,0
22652,0
22653,1
22654,1
22655,1
22656,0
22657,1
22658,0
22659,1
22660,1
22661,0
22662,0
22663,0
22664,0
22665,1
22666,0
22667,1
22668,1
22669,1
22670,0
22671,0
22672,0
22673,1
22674,1
22675,1
22676,0
22677,0
22678,1
22679,0
22680,1
22681,0
22682,1
22683,1
22684,0
22685,1
22686,1
22687,1
22688,0
22689,0
22690,0
22691,1
22692,1
22693,1
22694,1
22695,1
22696,1
22697,0
22698,1
22699,0
22700,1
22701,0
22702,0
22703,1
22704,1
22705,1
22706,0
22707,1
22708,0
22709,1
22710,1
22711,1
22712,0
22713,1
22714,0
22715,0
22716,0
22717,1
22718,0
22719,1
22720,0
22721,1
22722,1
22723,1
22724,0
22725,0
22726,1
22727,0
22728,1
22729,1
22730,0
22731,0
22732,1
22733,1
22734,1
22735,0
22736,1
22737,0
22738,1
22739,0
22740,1
22741,0
22742,0
22743,1
22744,0
22745,1
22746,0
22747,0
22748,0
22749,0
22750,0
22751,0
22752,1
22753,1
22754,1
22755,1
22756,0
22757,0
22758,1
22759,0
22760,0
22761,0
22762,0
22763,1
22764,0
22765,1
22766,1
22767,0
22768,0
22769,0
22770,0
22771,1
22772,0
22773,0
22774,1
22775,1
22776,0
22777,0
22778,0
22779,1
22780,0
22781,1
22782,1
22783,0
22784,0
22785,0
22786,1
22787,0
22788,1
22789,0
22790,1
22791,0
22792,0
22793,1
22794,1
22795,1
22796,0
22797,0
22798,1
22799,0
22800,0
22801,0
22802,1
22803,0
22804,1
22805,0
22806,0
22807,0
22808,0
22809,0
22810,0
22811,0
22812,1
22813,0
22814,0
22815,1
22816,0
22817,1
22818,1
22819,0
22820,0
22821,1
22822,1
22823,1
22824,0
22825,0
22826,1
22827,0
22828,0
22829,1
22830,1
22831,0
22832,1
22833,0
22834,1
22835,1
22836,1
22837,1
22838,0
22839,0
22840,0
22841,0
22842,1
22843,0
22844,1
22845,0
22846,0
22847,1
22848,1
22849,1
22850,1
22851,0
22852,1
22853,1
22854,0
22855,0
22856,0
22857,1
22858,0
22859,0
22860,1
22861,1
22862,1
22863,0
22864,0
22865,1
22866,0
22867,0
22868,0
22869,0
22870,1
22871,1
22872,0
22873,1
22874,0
22875,0
22876,1
22877,0
22878,1
22879,0
22880,0
22881,1
22882,1
22883,0
22884,1
22885,1
22886,1
22887,1
22888,1
22889,1
22890,1
22891,1
22892,1
22893,1
22894,0
22895,0
22896,1
22897,0
22898,0
22899,0
22900,1
22901,1
22902,1
22903,1
22904,0
22905,1
22906,0
22907,0
22908,0
22909,0
22910,0
22911,0
22912,1
22913,1
22914,1
22915,0
22916,1
22917,0
22918,0
22919,1
22920,1
22921,0
22922,0
22923,0
22924,0
22925,1
22926,1
22927,1
22928,0
22929,0
22930,1
22931,1
22932,1
22933,1
22934,1
22935,1
22936,1
22937,1
22938,0
22939,1
22940,0
22941,1
22942,0
22943,0
22944,1
22945,1
22946,0
22947,0
22948,1
22949,1
22950,0
22951,1
22952,1
22953,0
22954,1
22955,0
22956,1
22957,1
22958,1
22959,1
22960,0
22961,0
22962,0
22963,1
22964,0
22965,1
22966,0
22967,0
22968,1
22969,1
22970,1
22971,1
22972,1
22973,1
22974,0
22975,1
22976,0
22977,0
22978,0
22979,1
22980,1
22981,0
22982,1
22983,0
22984,0
22985,0
22986,0
22987,1
22988,1
22989,1
22990,0
22991,1
22992,0
22993,0
22994,0
22995,1
22996,0
22997,0
22998,0
22999,0
23000,1
23001,1
23002,1
23003,1
23004,1
23005,1
23006,1
23007,1
23008,0
23009,1
23010,1
23011,0
23012,0
23013,0
23014,1
23015,1
23016,0
23017,1
23018,1
23019,0
23020,0
23021,1
23022,1
23023,1
23024,1
23025,1
23026,0
23027,0
23028,1
23029,0
23030,1
23031,1
23032,1
23033,0
23034,0
23035,0
23036,0
23037,1
23038,1
23039,0
23040,1
23041,1
23042,0
23043,0
23044,0
23045,1
23046,0
23047,0
23048,1
23049,0
23050,1
23051,0
23052,0
23053,1
23054,1
23055,1
23056,1
23057,0
23058,0
23059,0
23060,1
23061,0
23062,1
23063,0
23064,1
23065,0
23066,1
23067,1
23068,1
23069,0
23070,1
23071,1
23072,0
23073,0
23074,1
23075,1
23076,1
23077,1
23078,0
23079,0
23080,1
23081,0
23082,1
23083,1
23084,1
23085,0
23086,0
23087,1
23088,1
23089,1
23090,0
23091,1
23092,1
23093,0
23094,1
23095,0
23096,1
23097,1
23098,0
23099,0
23100,1
23101,0
23102,1
23103,1
23104,1
23105,0
23106,0
23107,0
23108,0
23109,1
23110,1
23111,1
23112,0
23113,0
23114,0
23115,1
23116,0
23117,0
23118,0
23119,1
23120,1
23121,1
23122,0
23123,0
23124,0
23125,0
23126,0
23127,1
23128,0
23129,1
23130,1
23131,0
23132,0
23133,1
23134,1
23135,0
23136,0
23137,1
23138,1
23139,0
23140,0
23141,1
23142,1
23143,0
23144,0
23145,1
23146,0
23147,1
23148,0
23149,0
23150,0
23151,1
23152,0
23153,0
23154,0
23155,1
23156,1
23157,1
23158,1
23159,1
23160,1
23161,1
23162,0
23163,1
23164,0
23165,1
23166,1
23167,1
23168,1
23169,0
23170,1
23171,1
23172,1
23173,1
23174,1
23175,0
23176,1
23177,0
23178,0
23179,1
23180,0
23181,0
23182,0
23183,0
23184,0
23185,1
23186,1
23187,0
23188,1
23189,1
23190,1
23191,0
23192,0
23193,0
23194,1
23195,1
23196,1
23197,0
23198,0
23199,1
23200,0
23201,1
23202,0
23203,1
23204,1
23205,0
23206,0
23207,0
23208,0
23209,0
23210,1
23211,1
23212,1
23213,1
23214,0
23215,0
23216,1
23217,0
23218,1
23219,1
23220,0
23221,0
23222,0
23223,1
23224,0
23225,0
23226,1
23227,1
23228,0
23229,0
23230,1
23231,0
23232,1
23233,1
23234,0
23235,0
23236,0
23237,0
23238,1
23239,1
23240,1
23241,1
23242,1
23243,1
23244,0
23245,1
23246,0
23247,0
23248,1
23249,0
23250,0
23251,0
23252,0
23253,0
23254,0
23255,1
23256,1
23257,0
23258,0
23259,0
23260,1
23261,1
23262,0
23263,1
23264,1
23265,1
23266,0
23267,1
23268,0
23269,0
23270,0
23271,1
23272,1
23273,0
23274,1
23275,0
23276,0
23277,1
23278,1
23279,0
23280,0
23281,0
23282,1
23283,0
23284,0
23285,1
23286,0
23287,1
23288,1
23289,1
23290,0
23291,0
23292,0
23293,1
23294,1
23295,0
23296,1
23297,1
23298,1
23299,0
23300,1
23301,1
23302,1
23303,0
23304,1
23305,1
23306,1
23307,1
23308,0
23309,0
23310,1
23311,0
23312,0
23313,0
23314,0
23315,1
23316,0
23317,1
23318,0
23319,0
23320,0
23321,1
23322,0
23323,1
23324,1
23325,0
23326,1
23327,1
23328,0
23329,1
23330,0
23331,1
23332,1
23333,0
23334,1
23335,0
23336,0
23337,1
23338,0
23339,0
23340,1
23341,1
23342,0
23343,1
23344,0
23345,1
23346,0
23347,0
23348,1
23349,1
23350,1
23351,1
23352,1
23353,0
23354,1
23355,0
23356,1
23357,0
23358,1
23359,1
23360,1
23361,0
23362,1
23363,1
23364,1
23365,0
23366,1
23367,0
23368,0
23369,1
23370,1
23371,0
23372,1
23373,1
23374,0
23375,0
23376,0
23377,1
23378,1
23379,1
23380,0
23381,1
23382,0
23383,1
23384,0
23385,1
23386,1
23387,0
23388,0
23389,1
23390,1
23391,1
23392,0
23393,1
23394,1
23395,1
23396,1
23397,0
23398,0
23399,1
23400,1
23401,0
23402,0
23403,0
23404,1
23405,0
23406,1
23407,0
23408,0
23409,0
23410,0
23411,0
23412,1
23413,1
23414,1
23415,1
23416,0
23417,1
23418,0
23419,0
23420,1
23421,1
23422,1
23423,1
23424,0
23425,0
23426,1
23427,0
23428,0
23429,0
23430,0
23431,1
23432,1
23433,1
23434,1
23435,0
23436,0
23437,0
23438,0
23439,1
23440,1
23441,0
23442,0
23443,0
23444,0
23445,0
23446,1
23447,0
23448,1
23449,0
23450,1
23451,1
23452,0
23453,0
23454,1
23455,1
23456,0
23457,0
23458,1
23459,1
23460,0
23461,0
23462,0
23463,1
23464,1
23465,0
23466,1
23467,0
23468,0
23469,1
23470,1
23471,1
23472,1
23473,0
23474,0
23475,0
23476,0
23477,0
23478,1
23479,0
23480,1
23481,0
23482,1
23483,1
23484,0
23485,1
23486,0
23487,0
23488,0
23489,1
23490,0
23491,0
23492,0
23493,0
23494,0
23495,1
23496,1
23497,1
23498,1
23499,1
23500,1
23501,1
23502,1
23503,1
23504,1
23505,0
23506,0
23507,0
23508,0
23509,1
23510,0
23511,0
23512,0
23513,1
23514,1
23515,0
23516,0
23517,1
23518,0
23519,0
23520,1
23521,0
23522,0
23523,0
23524,1
23525,1
23526,1
23527,1
23528,1
23529,1
23530,0
23531,1
23532,0
23533,1
23534,0
23535,1
23536,0
23537,1
23538,1
23539,1
23540,0
23541,1
23542,0
23543,0
23544,0
23545,0
23546,0
23547,1
23548,0
23549,0
23550,0
23551,1
23552,1
23553,0
23554,1
23555,0
23556,1
23557,0
23558,0
23559,0
23560,1
23561,1
23562,1
23563,0
23564,0
23565,0
23566,0
23567,1
23568,0
23569,1
23570,1
23571,1
23572,1
23573,0
23574,1
23575,0
23576,1
23577,0
23578,0
23579,1
23580,0
23581,0
23582,1
23583,1
23584,1
23585,1
23586,1
23587,0
23588,0
23589,1
23590,0
23591,1
23592,1
23593,1
23594,0
23595,0
23596,1
23597,1
23598,1
23599,0
23600,0
23601,0
23602,1
23603,0
23604,0
23605,0
23606,1
23607,1
23608,1
23609,0
23610,0
23611,0
23612,0
23613,0
23614,1
23615,1
23616,1
23617,0
23618,1
23619,0
23620,0
23621,1
23622,1
23623,0
23624,1
23625,1
23626,0
23627,1
23628,0
23629,1
23630,1
23631,0
23632,1
23633,0
23634,0
23635,1
23636,0
23637,1
23638,0
23639,0
23640,0
23641,0
23642,1
23643,0
23644,0
23645,1
23646,1
23647,1
23648,1
23649,0
23650,1
23651,1
23652,0
23653,1
23654,0
23655,0
23656,0
23657,0
23658,1
23659,1
23660,1
23661,1
23662,1
23663,0
23664,0
23665,0
23666,0
23667,1
23668,1
23669,1
23670,1
23671,1
23672,1
23673,1
23674,0
23675,1
23676,0
23677,1
23678,1
23679,0
23680,1
23681,1
23682,0
23683,1
23684,0
23685,0
23686,1
23687,0
23688,0
23689,1
23690,1
23691,0
23692,0
23693,1
23694,1
23695,0
23696,0
23697,1
23698,0
23699,0
23700,0
23701,1
23702,1
23703,1
23704,1
23705,1
23706,0
23707,1
23708,0
23709,0
23710,0
23711,1
23712,1
23713,0
23714,1
23715,0
23716,1
23717,1
23718,0
23719,1
23720,0
23721,1
23722,0
23723,1
23724,1
23725,1
23726,1
23727,1
23728,0
23729,0
23730,0
23731,1
23732,1
23733,0
23734,1
23735,1
23736,0
23737,1
23738,0
23739,1
23740,0
23741,1
23742,0
23743,1
23744,0
23745,1
23746,0
23747,0
23748,0
23749,0
23750,0
23751,0
23752,1
23753,0
23754,0
23755,1
23756,1
23757,0
23758,0
23759,1
23760,0
23761,0
23762,0
23763,0
23764,1
23765,1
23766,1
23767,0
23768,1
23769,0
23770,1
23771,0
23772,0
23773,0
23774,0
23775,0
23776,0
23777,0
23778,1
23779,1
23780,1
23781,0
23782,0
23783,0
23784,1
23785,0
23786,0
23787,0
23788,1
23789,1
23790,1
23791,0
23792,0
23793,0
23794,1
23795,0
23796,0
23797,1
23798,1
23799,1
23800,1
23801,1
23802,0
23803,1
23804,0
23805,0
23806,0
23807,0
23808,1
23809,1
23810,0
23811,1
23812,1
23813,1
23814,1
23815,0
23816,1
23817,1
23818,1
23819,0
23820,0
23821,1
23822,0
23823,0
23824,0
23825,0
23826,0
23827,0
23828,1
23829,1
23830,0
23831,1
23832,1
23833,1
23834,0
23835,0
23836,1
23837,1
23838,0
23839,1
23840,0
23841,0
23842,0
23843,0
23844,1
23845,0
23846,1
23847,0
23848,1
23849,0
23850,0
23851,0
23852,0
23853,0
23854,1
23855,0
23856,1
23857,1
23858,1
23859,0
23860,0
23861,1
23862,0
23863,0
23864,0
23865,0
23866,0
23867,0
23868,1
23869,1
23870,0
23871,0
23872,1
23873,1
23874,1
23875,1
23876,1
23877,1
23878,0
23879,0
23880,0
23881,1
23882,0
23883,1
23884,1
23885,1
23886,1
23887,1
23888,0
23889,1
23890,1
23891,0
23892,0
23893,1
23894,1
23895,0
23896,1
23897,0
23898,0
23899,1
23900,0
23901,0
23902,0
23903,0
23904,1
23905,1
23906,0
23907,1
23908,0
23909,1
23910,1
23911,1
23912,1
23913,1
23914,0
23915,0
23916,1
23917,1
23918,1
23919,0
23920,1
23921,0
23922,0
23923,1
23924,0
23925,0
23926,1
23927,0
23928,1
23929,1
23930,0
23931,1
23932,1
23933,1
23934,1
23935,1
23936,0
23937,1
23938,0
23939,0
23940,1
23941,0
23942,0
23943,0
23944,1
23945,1
23946,0
23947,0
23948,1
23949,1
23950,1
23951,0
23952,1
23953,0
23954,0
23955,0
23956,0
23957,1
23958,1
23959,1
23960,1
23961,0
23962,0
23963,0
23964,0
23965,1
23966,0
23967,0
23968,1
23969,1
23970,0
23971,1
23972,0
23973,1
23974,1
23975,0
23976,1
23977,1
23978,1
23979,0
23980,0
23981,0
23982,1
23983,1
23984,1
23985,1
23986,1
23987,0
23988,0
23989,1
23990,1
23991,1
23992,1
23993,0
23994,1
23995,1
23996,0
23997,0
23998,0
23999,0
24000,0
24001,0
24002,1
24003,0
24004,0
24005,1
24006,0
24007,0
24008,1
24009,1
24010,1
24011,0
24012,1
24013,0
24014,1
24015,0
24016,1
24017,0
24018,0
24019,1
24020,0
24021,1
24022,0
24023,1
24024,0
24025,0
24026,0
24027,1
24028,0
24029,1
24030,1
24031,1
24032,0
24033,0
24034,0
24035,1
24036,0
24037,0
24038,0
24039,1
24040,0
24041,1
24042,1
24043,0
24044,1
24045,0
24046,0
24047,0
24048,0
24049,0
24050,1
24051,1
24052,1
24053,1
24054,0
24055,0
24056,0
24057,1
24058,0
24059,1
24060,1
24061,1
24062,0
24063,1
24064,1
24065,0
24066,0
24067,0
24068,0
24069,1
24070,1
24071,0
24072,0
24073,1
24074,0
24075,0
24076,1
24077,1
24078,0
24079,1
24080,0
24081,1
24082,1
24083,1
24084,1
24085,1
24086,0
24087,1
24088,1
24089,1
24090,0
24091,1
24092,1
24093,1
24094,1
24095,1
24096,1
24097,1
24098,0
24099,0
24100,0
24101,0
24102,1
24103,1
24104,1
24105,0
24106,0
24107,1
24108,0
24109,0
24110,0
24111,1
24112,0
24113,0
24114,0
24115,1
24116,0
24117,0
24118,0
24119,0
24120,1
24121,1
24122,1
24123,1
24124,1
24125,0
24126,0
24127,1
24128,1
24129,0
24130,1
24131,0
24132,0
24133,0
24134,0
24135,0
24136,0
24137,1
24138,1
24139,0
24140,0
24141,0
24142,0
24143,0
24144,1
24145,1
24146,1
24147,1
24148,1
24149,0
24150,1
24151,1
24152,1
24153,1
24154,0
24155,0
24156,0
24157,0
24158,0
24159,0
24160,0
24161,1
24162,1
24163,1
24164,1
24165,0
24166,0
24167,0
24168,1
24169,0
24170,1
24171,1
24172,1
24173,1
24174,1
24175,0
24176,1
24177,0
24178,0
24179,1
24180,0
24181,0
24182,1
24183,1
24184,0
24185,1
24186,1
24187,0
24188,1
24189,1
24190,1
24191,0
24192,0
24193,1
24194,0
24195,0
24196,1
24197,0
24198,0
24199,1
24200,1
24201,0
24202,0
24203,1
24204,0
24205,1
24206,0
24207,1
24208,1
24209,1
24210,0
24211,0
24212,0
24213,1
24214,0
24215,0
24216,0
24217,0
24218,1
24219,1
24220,0
24221,0
24222,1
24223,1
24224,1
24225,0
24226,0
24227,0
24228,1
24229,1
24230,1
24231,0
24232,1
24233,1
24234,1
24235,1
24236,1
24237,1
24238,0
24239,1
24240,1
24241,0
24242,0
24243,1
24244,0
24245,1
24246,1
24247,1
24248,1
24249,1
24250,1
24251,0
24252,1
24253,1
24254,0
24255,0
24256,0
24257,0
24258,1
24259,1
24260,0
24261,1
24262,0
24263,0
24264,1
24265,1
24266,1
24267,1
24268,1
24269,0
24270,0
24271,1
24272,0
24273,1
24274,0
24275,1
24276,0
24277,0
24278,0
24279,1
24280,1
24281,1
24282,0
24283,0
24284,1
24285,0
24286,0
24287,1
24288,0
24289,1
24290,0
24291,1
24292,1
24293,0
24294,1
24295,1
24296,1
24297,0
24298,1
24299,1
24300,1
24301,1
24302,1
24303,1
24304,0
24305,1
24306,0
24307,0
24308,0
24309,1
24310,1
24311,0
24312,1
24313,0
24314,1
24315,0
24316,0
24317,1
24318,0
24319,0
24320,1
24321,0
24322,1
24323,0
24324,1
24325,1
24326,1
24327,0
24328,0
24329,0
24330,1
24331,1
24332,1
24333,1
24334,1
24335,1
24336,0
24337,1
24338,1
24339,0
24340,0
24341,1
24342,1
24343,0
24344,1
24345,0
24346,1
24347,1
24348,0
24349,0
24350,0
24351,1
24352,1
24353,1
24354,1
24355,1
24356,0
24357,0
24358,0
24359,1
24360,0
24361,1
24362,0
24363,0
24364,0
24365,1
24366,1
24367,0
24368,0
24369,0
24370,1
24371,1
24372,0
24373,1
24374,0
24375,0
24376,1
24377,0
24378,1
24379,0
24380,0
24381,0
24382,1
24383,0
24384,0
24385,1
24386,1
24387,0
24388,0
24389,1
24390,0
24391,1
24392,1
24393,0
24394,0
24395,0
24396,1
24397,1
24398,0
24399,1
24400,0
24401,1
24402,1
24403,0
24404,0
24405,1
24406,0
24407,1
24408,1
24409,1
24410,0
24411,1
24412,0
24413,1
24414,1
24415,0
24416,0
24417,0
24418,0
24419,0
24420,1
24421,1
24422,0
24423,0
24424,1
24425,0
24426,1
24427,1
24428,1
24429,1
24430,0
24431,0
24432,0
24433,1
24434,0
24435,0
24436,1
24437,1
24438,0
24439,0
24440,0
24441,1
24442,1
24443,0
24444,0
24445,0
24446,1
24447,0
24448,0
24449,1
24450,1
24451,1
24452,1
24453,1
24454,0
24455,0
24456,1
24457,0
24458,0
24459,0
24460,1
24461,0
24462,0
24463,1
24464,1
24465,1
24466,1
24467,1
24468,1
24469,1
24470,1
24471,0
24472,0
24473,0
24474,0
24475,1
24476,0
24477,1
24478,1
24479,1
24480,0
24481,1
24482,0
24483,1
24484,0
24485,0
24486,0
24487,1
24488,0
24489,1
24490,0
24491,0
24492,1
24493,1
24494,0
24495,0
24496,1
24497,1
24498,1
24499,0
24500,0
24501,1
24502,0
24503,1
24504,1
24505,1
24506,1
24507,0
24508,0
24509,0
24510,0
24511,1
24512,0
24513,1
24514,0
24515,1
24516,0
24517,1
24518,0
24519,1
24520,0
24521,0
24522,1
24523,0
24524,0
24525,0
24526,0
24527,0
24528,0
24529,0
24530,1
24531,0
24532,1
24533,0
24534,1
24535,1
24536,1
24537,1
24538,1
24539,0
24540,0
24541,1
24542,1
24543,1
24544,1
24545,0
24546,1
24547,0
24548,0
24549,1
24550,0
24551,1
24552,0
24553,0
24554,0
24555,0
24556,1
24557,0
24558,1
24559,0
24560,1
24561,1
24562,1
24563,0
24564,0
24565,0
24566,0
24567,1
24568,0
24569,0
24570,1
24571,1
24572,0
24573,0
24574,0
24575,1
24576,1
24577,0
24578,0
24579,1
24580,1
24581,0
24582,0
24583,0
24584,1
24585,1
24586,1
24587,0
24588,0
24589,0
24590,1
24591,0
24592,1
24593,0
24594,1
24595,1
24596,1
24597,0
24598,1
24599,0
24600,0
24601,1
24602,0
24603,0
24604,1
24605,0
24606,1
24607,0
24608,1
24609,0
24610,0
24611,0
24612,1
24613,0
24614,0
24615,0
24616,0
24617,0
24618,1
24619,0
24620,1
24621,0
24622,0
24623,1
24624,1
24625,1
24626,0
24627,1
24628,1
24629,0
24630,1
24631,1
24632,1
24633,0
24634,1
24635,0
24636,0
24637,0
24638,0
24639,0
24640,0
24641,0
24642,1
24643,0
24644,1
24645,0
24646,0
24647,0
24648,1
24649,0
24650,1
24651,1
24652,1
24653,1
24654,0
24655,0
24656,0
24657,1
24658,1
24659,1
24660,1
24661,1
24662,0
24663,0
24664,1
24665,1
24666,0
24667,0
24668,0
24669,1
24670,1
24671,1
24672,0
24673,0
24674,1
24675,0
24676,0
24677,1
24678,0
24679,0
24680,0
24681,1
24682,0
24683,0
24684,1
24685,0
24686,0
24687,0
24688,1
24689,1
24690,1
24691,0
24692,0
24693,0
24694,0
24695,0
24696,0
24697,1
24698,1
24699,1
24700,1
24701,1
24702,0
24703,1
24704,0
24705,1
24706,1
24707,1
24708,0
24709,1
24710,0
24711,1
24712,1
24713,0
24714,1
24715,1
24716,1
24717,0
24718,1
24719,0
24720,0
24721,0
24722,1
24723,0
24724,1
24725,0
24726,0
24727,1
24728,0
24729,0
24730,1
24731,1
24732,1
24733,1
24734,0
24735,0
24736,1
24737,0
24738,1
24739,1
24740,1
24741,1
24742,0
24743,1
24744,0
24745,0
24746,1
24747,1
24748,0
24749,1
24750,0
24751,0
24752,0
24753,1
24754,0
24755,0
24756,0
24757,1
24758,1
24759,0
24760,0
24761,1
24762,1
24763,0
24764,0
24765,0
24766,0
24767,1
24768,0
24769,1
24770,1
24771,1
24772,1
24773,0
24774,1
24775,0
24776,1
24777,0
24778,1
24779,1
24780,0
24781,0
24782,0
24783,1
24784,0
24785,1
24786,0
24787,1
24788,1
24789,0
24790,0
24791,1
24792,0
24793,1
24794,1
24795,0
24796,0
24797,1
24798,0
24799,0
24800,1
24801,1
24802,0
24803,0
24804,1
24805,1
24806,1
24807,0
24808,0
24809,0
24810,0
24811,0
24812,1
24813,0
24814,1
24815,1
24816,0
24817,1
24818,0
24819,0
24820,0
24821,1
24822,1
24823,1
24824,1
24825,0
24826,0
24827,1
24828,0
24829,0
24830,0
24831,1
24832,1
24833,0
24834,1
24835,1
24836,0
24837,0
24838,1
24839,1
24840,1
24841,0
24842,0
24843,1
24844,1
24845,0
24846,1
24847,1
24848,1
24849,0
24850,0
24851,1
24852,0
24853,0
24854,1
24855,1
24856,1
24857,1
24858,0
24859,1
24860,1
24861,0
24862,1
24863,0
24864,1
24865,1
24866,1
24867,0
24868,1
24869,0
24870,1
24871,1
24872,0
24873,0
24874,0
24875,1
24876,0
24877,1
24878,0
24879,0
24880,1
24881,0
24882,1
24883,1
24884,0
24885,0
24886,0
24887,0
24888,0
24889,1
24890,0
24891,0
24892,1
24893,0
24894,1
24895,0
24896,1
24897,1
24898,1
24899,1
24900,0
24901,1
24902,0
24903,0
24904,1
24905,0
24906,0
24907,1
24908,0
24909,0
24910,0
24911,1
24912,0
24913,1
24914,0
24915,1
24916,1
24917,0
24918,0
24919,1
24920,1
24921,1
24922,1
24923,0
24924,1
24925,1
24926,1
24927,1
24928,1
24929,1
24930,0
24931,1
24932,1
24933,0
24934,0
24935,0
24936,0
24937,0
24938,0
24939,1
24940,1
24941,1
24942,0
24943,0
24944,0
24945,0
24946,0
24947,0
24948,0
24949,1
24950,1
24951,1
24952,0
24953,1
24954,1
24955,0
24956,1
24957,0
24958,0
24959,1
24960,1
24961,0
24962,0
24963,1
24964,0
24965,0
24966,0
24967,1
24968,1
24969,0
24970,0
24971,1
24972,0
24973,1
24974,0
24975,1
24976,1
24977,1
24978,0
24979,0
24980,0
24981,1
24982,1
24983,0
24984,0
24985,0
24986,1
24987,0
24988,1
24989,1
24990,0
24991,0
24992,0
24993,1
24994,1
24995,1
24996,1
24997,0
24998,1
24999,1
